{
  "random_forest": {
    "mse": 345.0844932904877,
    "r2": -0.031796411634715804,
    "mae": 16.101359805439763,
    "rmse": 18.57644996468614
  },
  "gradient_boosting": {
    "mse": 400.63534440498694,
    "r2": -0.19789245465495586,
    "mae": 16.402464807770706,
    "rmse": 20.015877307902016
  },
  "linear_regression": {
    "mse": 325.0419417514829,
    "r2": 0.028130456016625005,
    "mae": 15.845003850015255,
    "rmse": 18.028919594681287
  }
}